Account address,Show boosts
rolle@mementomori.social, true
dude@mementomori.social, true
milesizdead@spore.social, true
jaoler@suomi.social, true
mustikkasoppa@mementomori.social, true
menneisyytesi@eliitin-some.fi, true
vitaaliveli@eliitin-some.fi, true
antti404@hypercube.masto.host, true
lindstorm@mstdn.social, true
jofistics@eliitin-some.fi, true
mjuhannus@mastodon.green, true
organik@piipitin.fi, true
jokke@cantina.tatooine.space, true
juusosnazarene@mementomori.social, true
vallu@some.evvk.fi, true
taroturtiainen@mastodontti.fi, true
mz2@fosstodon.org, true
miiko@some.evvk.fi, true
Mikkotaneli@mastodontti.fi, true
kaltain@mastodontti.fi, true
AlderForrest@mastodontti.fi, true
tsaaritar@mastodon.green, true
mirppu@mastodontti.fi, true
erika@mastodontti.fi, true
ToniMassinen@mastodontti.fi, true
marko3@mastodontti.fi, true
marko@kaartinen.social, true
niksii@mastodonsuomi.fi, true
reparaba@mastodontti.fi, true
samajoki@mastodontti.fi, true
tommi@jontka.fi, true
Setok@attractive.space, true
collectiveevil@suomi.social, true
ruttokoira@mastodontti.fi, true
jaanapt@masto.ai, true
mika@toot.haulo.fi, true
jan_a_o@piipitin.fi, true
HannaEsmeralda_@masto.ai, true
jukkajurvansuu@mastodontti.fi, true
lari@suomi.social, true
periegetes@saimaa.site, true
vittorio_fossofino@eliitin-some.fi, true
Hanna@hypercube.masto.host, true
koomahi@masto.ai, true
eijalehtomaki@mastodontti.fi, true
josschuurmans@mastodontti.fi, true
AarneA@mastodon.social, true
KarjalaisenHoo@eliitin-some.fi, true
markosuomi@mstdn.social, true
raik_su@mstdn.social, true
hannamorre@mastodontti.fi, true
Riitta@mastodontti.fi, true
JMTee@mstdn.social, true
uusilauri@mastodontti.fi, true
jhattara@piipitin.fi, true
TumppuP@mastodontti.fi, true
mikkikauste@masto.ai, true
lepanen@mastodontti.fi, true
magdalenahai@mstdn.social, true
vpv@mastodontti.fi, true
mamarkisti@mastodontti.fi, true
artomelaranta@mastodontti.fi, true
sirkkuhoikkala@mastodontti.fi, true
reimamak@mastodon.social, true
Majuri@mastodontti.fi, true
Kuunvirta@piipitin.fi, true
skutsiontoinenhima@mastodontti.fi, true
zenonah@mastodontti.fi, true
vijarvinen@mementomori.social, true
stedi@mementomori.social, true
laukanhenkka@mastodonsuomi.fi, true
ollik@vivaldi.net, true
puhuri@mastodon.social, true
PaulaPoh@mastodontti.fi, true
RiikkaEra@mstdn.social, true
Matti_Vuori@mastodontti.fi, true
Suspikuutti@sauna.social, true
Jusskoski@mastodontti.fi, true
tehy_ry@some.tehy.fi, true
Kristina@mastodontti.fi, true
sepponurmi@mastodontti.fi, true
karvjorm@mastodontti.fi, true
TuulaHurri@mastodontti.fi, true
hannasarin@mastodon.online, true
tkarhu@mastodontti.fi, true
VPSuuronen@eliitin-some.fi, true
tapiomaatta@mastodontti.fi, true
mikaelsuomela@suomi.social, true
juhaoletettu@eliitin-some.fi, true
talvihaamu@piipitin.fi, true
Piia@eliitin-some.fi, true
vonLahti@mastodontti.fi, true
jraitamaa@mstdn.business, true
midka@mementomori.social, true
raikas@mementomori.social, true
ilari@mastodon.testausserveri.fi, true
HeikkiMajava@mastodon.social, true
tarmo@mas.to, true
lottaleiwo@mastodontti.fi, true
terppa@mastodontti.fi, true
Tuumaru@zirk.us, true
miikakautto@mastodontti.fi, true
supermurs@mastodontti.fi, true
riimiton@eliitin-some.fi, true
lauluompelimo@mastodontti.fi, true
mitanaitanyon@eliitin-some.fi, true
eevahoo@mementomori.social, true
Lottamailis@mastodontti.fi, true
mikko@photog.social, true
mhjlai@mastodon.ellipsis.fi, true
LadyA@mementomori.social, true
Badpad@mastodontti.fi, true
guessa@mastodontti.fi, true
waeiski@vis.social, true
christaelena@mastodontti.fi, true
saanaave@mastodontti.fi, true
Espi@mastodontti.fi, true
goashem@mastodontti.fi, true
petteri@mastodontti.fi, true
jhalmu@mastodontti.fi, true
Jyrkipitka@mastodontti.fi, true
JouniMikola@mastodontti.fi, true
JakkePimio@mastodontti.fi, true
vahtis@mastodon.online, true
VSaarenketo@eliitin-some.fi, true
mmin@mastodontti.fi, true
MNiemivirta@mastodontti.fi, true
jabsonik@mstdn.social, true
markkutukiainen@mastodontti.fi, true
teeko@mastodontti.fi, true
Quiri@mastodontti.fi, true
marikagalanis@mementomori.social, true
assmannme@mstdn.social, true
Narskumaria@mastodontti.fi, true
noora_tapio@mastodontti.fi, true
tereensio@mastodontti.fi, true
toppinen@mastodontti.fi, true
macwan@mastodontti.fi, true
tero@rukii.net, true
Pauloester@mastodon.nu, true
jarnokin@mastodontti.fi, true
anulahtinen@h-net.social, true
jyri@mastodontti.fi, true
kvesti@mastodon.cloud, true
Maethyy@mastodontti.fi, true
Jntz@mastodontti.fi, true
norvasum@mstdn.social, true
MinnaSavolainen@mastodontti.fi, true
tinskuh@mastodontti.fi, true
mikaelhoo@mastodontti.fi, true
seppy@mastodontti.fi, true
TiiaMaija@mastodontti.fi, true
lajitieto@ecoevo.social, true
mikkohei13@ecoevo.social, true
tero@masto.ai, true
Pekesen@mastodon.online, true
Unuhi@mastodon.ie, true
Zeppo@mastodontti.fi, true
anneleminen@mementomori.social, true
cazfi@social.linux.pizza, true
Larko@mas.to, true
girub3rt@mastodontti.fi, true
mackan@mastodontti.fi, true
mtaval@mastodon.social, true
miiakosonen@mastodontti.fi, true
nonius@oldbytes.space, true
petteriraty@mastodon.social, true
MJKagone@mastodontti.fi, true
hpiirai@piipitin.fi, true
ToniLehikoinen@mastodontti.fi, true
Kepposlovakia@mastodontti.fi, true
katitlahtinen@mastodon.online, true
msrjksk@mastodontti.fi, true
uusvanhanen@mastodontti.fi, true
PirkkoK@mastodontti.fi, true
suvituuli@mastodontti.fi, true
annehuotari@techhub.social, true
jarmolahti@mastodontti.fi, true
akx@mastodon.social, true
iniinivirta@mastodon.social, true
Fox@varjoalitajunta.link, true
sannuot@mastodon.world, true
Tabularius@mastodon.social, true
LehtoriTuomo@mastodontti.fi, true
Paivi@mastodon.social, true
Lasse@mas.to, true
jussiog@mastodontti.fi, true
pnuk@mastodon.social, true
Kielipoliisi@mastodontti.fi, true
KValisaari@mementomori.social, true
kaukamieli@c.im, true
Eezau@mastodontti.fi, true
meteora@mastodontti.fi, true
mikaturunen@mastodontti.fi, true
bluepolarbear@mastodon.online, true
mssuo@mastodontti.fi, true
antont@mastodon.online, true
jsuikeli@mstdn.social, true
JuhaLipponen@mastodontti.fi, true
otomomom@mastodontti.fi, true
bombadillo@mastodontti.fi, true
Teppo_Nurminen@mastodon.green, true
alasaarela@equel.social, true
Taigamursu@piipitin.fi, true
KurttiPete@mastodontti.fi, true
piakoivu@mastodon.online, true
VsQ@mastodontti.fi, true
macu180@mastodontti.fi, true
JyrkiKuoppala@vivaldi.net, true
mccandyt@mastodontti.fi, true
sinialste@mastodontti.fi, true
TonyNyberg@eliitin-some.fi, true
viitasenjouni@mastodontti.fi, true
MerjaPolvinen@hcommons.social, true
kikkomies@mstdn.social, true
AnnmaiVi@mastodontti.fi, true
anttiylonen@mastodontti.fi, true
RaijaAnnikki@mastodontti.fi, true
hankori@mastodontti.fi, true
saja@mastodontti.fi, true
jruoh@mastodon.green, true
TeemuTKaskinen@mastodontti.fi, true
jannep@mas.to, true
Jarno_Pihtila@mastodontti.fi, true
eljas@eliitin-some.fi, true
mesiscoach@vivaldi.net, true
kissamuija@mastodon.social, true
tucmo@mastodon.online, true
HeikkiAhopelto@fosstodon.org,	true
Rynach@mstdn.io, true
LeenaPA@mastodontti.fi, true
wahalahti@mementomori.social, true
jryi@mastodontti.fi, true
ReimanSaara@mementomori.social, true
AaroKustaanheimo@mastodontti.fi, true
LeoSammallahti@social.coop, true
teijakoskela@mastodon.social, true
Jarska96@mastodontti.fi, true
afterdawn@mementomori.social, true
pyyny@mas.to, true
jalmari@social.lahevirta.fi, true
petri@mstdn.social, true
helinakeiju@mastodon.social, true
TiinaMerisalo@mastodontti.fi, true
Grimmani@mastodontti.fi, true
huvilanet@mastodontti.fi, true
Anniina@mastodontti.fi, true
Jampe@mastodontti.fi, true
rilonen@mastodon.social, true
nizodara@kolektiva.social, true
AttiUski@mastodontti.fi, true
petra@mastodon.online, true
janne_keinanen@tallulah.fi, true
AnneRiissanen@mastodontti.fi, true
NiinaPakola@mastodontti.fi, true
nemeciii@mastodon.social, true
NikoNappu@ecoevo.social, true
marialuosto@piipitin.fi, true
snowman@ecoevo.social, true
dare@kamu.social, true
arirotonen@mastodontti.fi, true
anttiseppala@mastodontti.fi, true
yabbapappa@mastodon.social, true
amiliini@c.im, true
lauramanki@mas.to, true
Marjaleenatiainen@mastodontti.fi, true
JPHeiskanen@mastodontti.fi, true
skible@mastodontti.fi, true
ZeiP@mastodon.social, true
meppi@mastodontti.fi, true
HeidiEMalin@mastodontti.fi, true
erkkisummanen@mastodontti.fi, true
juhastrm@dawnseeker.lasthearth.net, true
juliainfinland@wehavecookies.social, true
EevaOorni@mstdn.social, true
sannahirvonen@mastodon.social, true
ibidem@mastodon.online, true
LottaEmpi@mastodontti.fi, true
karhu667@piipitin.fi, true
lupposofi@mementomori.social, true
Auringon_sikio@mastodon.online, true
ajanmies@mstdn.social, true
ojakai@c.im, true
Kake@mastodontti.fi, true
jannep@techhub.social, true
Ammanlukuhetki@mstdn.social, true
timokytta@mstdn.social, true
ollikanerva@mastodon.world, true
markoheikkila@mastodontti.fi, true
lipsanen@mastodontti.fi, true
ARoivainen@mastodontti.fi, true
vogod@mstdn.social, true
susannasankala@mstdn.social, true
josschuurmans_fi@fedi.xamk.fi, true
anton@mastodon.fi, true
johtamaa@mastodontti.fi, true
KaisaKylakoski@mastodontti.fi, true
tharkonen@mastodon.social, true
perspiraattori@mstdn.social, true
annavirrantaus@mastodontti.fi, true
kride@mstdn.social, true
Janne6nen@mastodon.social, true
esalinna@mastodontti.fi, true
juhakn@mas.to, true
Offroadrj@mastodon.social, true
luodonmaija@mastodon.nu, true
jsaarenketo@masto.ai, true
yutteliini@mastodontti.fi, true
oelonnberg@mastodontti.fi, true
petrihonganmaki@mastodontti.fi, true
patroska@mstdn.social, true
PekkaHuttunen@mastodon.social, true
mickfinn@mastodon.social, true
siriakohonen@mastodontti.fi, true
Ristoiko@mastodontti.fi, true
nina@mastodontti.fi, true
TapsaLaakso@mastodontti.fi, true
t3m2n@mastodon.lol, true
RisingshadowFi@mstdn.social, true
Rampantpanda@photog.social, true
komitea@mastodonsuomi.fi, true
nonissimo@mastodon.world, true
jyrkiw@mastodontti.fi, true
kallekn@mastodonsweden.se, true
kurtkokko@mastodon.social, true
toni_vertanen@mastodon.world, true
mspotilas@mastodontti.fi, true
lehtimaeki@snapp.social, true
piidr0@mastodon.social, true
xcn@mstdn.social, true
vellu@mastodontti.fi, true
auvos@vivaldi.net, true
panupirhonen@mastodontti.fi, true
turvanen@mementomori.social, true
kaplas@hachyderm.io, true
outi@hypercube.masto.host, true
gimulnautti@mastodontti.fi, true
leppakerttu90@infosec.exchange, true
osma@sigmoid.social, true
husku@eliitin-some.fi, true
Yachtbar@mstdn.social, true
joni@tivia.social, true
tommi@kaartinen.social, true
feuer@mastodontti.fi, true
nerdbear@masto.ai, true
otustin@mastodontti.fi, true
jarilehtinen@mastodon.social, true
jounipirtti@suomi.social, true
jhilden@vis.social, true
amiett@mastodon.social, true
KissAnne@mastodon.social, true
jrkkp@mastodontti.fi, true
jankka@mementomori.social, true
LauraMWalden@mastodontti.fi, true
rmattila74@energydon.fi, true
jaageri@mastodon.social, true
0x10f@tech.lgbt, true
jariran@mastodontti.fi, true
Edelyne_@mastodontti.fi, true
kskehu@mementomori.social, true
skada@piipitin.fi, true
KatriM@mastodontti.fi, true
mojala@mastodon.online, true
helna@mastodontti.fi, true
juhapekka@mastodon.social, true
lassilinnanen@mastodon.world, true
tehylehti@some.tehy.fi, true
suihkulokki@society.oftrolls.com, true
Unetar@piipitin.fi, true
marko5@sauna.social, true
Annamami@mastodontti.fi, true
pesasa@mastodon.social, true
sara_peltola@mastodontti.fi, true
jarkko@social.kernel.org, true
sadepiippu@mastodon.world, true
pauliinas@mastodon.social, true
mrahikka@mastodontti.fi, true
JakkeMakela@mastodon.online, true
riti@mastodon.online, true
vtoinen@mastodon.social, true
pirjosanaksenaho@mastodontti.fi, true
meeko@mementomori.social, true
jonikorpi@mastodon.gamedev.place, true
sakamies@mastodon.social, true
ailment73@zeroes.ca, true
drml@mastodontti.fi, true
sivusta@mastodontti.fi, true
KissAnne@mastodon.social, true
viisaskana@eliitin-some.fi, true
PKarPsto75@mastodon.social, true
tuomas_h@mastodon.social, true
cimonavaro@mastodon.social, true
SamiMaatta@mementomori.social, true
tony@mastodontti.fi, true
jpaivarinta@mastodon.social, true
MakeTR@mastodontti.fi, true
valtlai@valtlai.fi, true
Dragofix@mastodontti.fi, true
jshannikainen@mastodontti.fi, true
minizy@mastodon.social, true
Joni@mementomori.social, true
nikokultalahti@mas.to, true
anotherdream@mementomori.social, true
delphyne@mastodon.social, true
minnanen@mastodontti.fi, true
aumalatj@mas.to, true
harald@mementomori.social, true
nen@mementomori.social, true
sjuvonen@infosec.exchange, true
jatkis@mementomori.social, true
SaaraTuulia@blogi.social, true
JefutusDangotus@mastodonsuomi.fi, true
Pietarikoo@mastodon.green, true
tarmo@thorstrom.fi, true
remaster@mastodon.social, true
